"Kingdom","bootstrap_Kingdom","Phylum","bootstrap_Phylum","Class","bootstrap_Class","Order","bootstrap_Order","Family","bootstrap_Family","Genus","bootstrap_Genus","Species","bootstrap_Species","siguientes_hit_especie","sequence","SPY222527","SPY222528","SPY222529","SPY222530","SPY222532","SPY222533","SPY222537","SPY222538","SPY222542","SPY222546","SPY222547","SPY222552","SPY222556","SPY222559","SPY222562","SPY222565","SPY222569","SPY222574","SPY222575","SPY222576","SPY222577","SPY222580","SPY222581","SPY222584"
"NA",100,"Chordata",100,"Actinopteri",100,"Anabantiformes",99,"Osphronemidae",99,"Trichopodus",99,"Trichopodus_pectoralis",99,"Trichopodus_pectoralis","CCCCAAGCTTTAACCTTTACATAATTAATAAACTATAACTGCAAAGGGGAGGCAAGTCGTAA",11978,1848,12358,5559,1599,3925,1,0,0,3516,16920,1721,6720,8090,1,8903,6223,0,7380,1255,561,41323,1,0
"NA",100,"Chordata",100,"Actinopteri",100,"Anabantiformes",79,"Osphronemidae",79,"Trichopodus",78,NA,74,"NA","CCCCAAGCTTTAACCTTTACATAATTAATAAACTATAACTGCAATGGGGAGGCAAGTCGTAA",45,0,0,0,0,0,0,0,0,0,0,0,0,0,0,0,0,0,0,0,0,0,0,0
"NA",100,"Chordata",100,"Actinopteri",100,"Ateleopodiformes",63,"Ateleopodidae",63,"Guentherus",63,NA,63,"NA-NA","CCGAGAGTTAGGTTTGGCTTTAAGCTTAGTGGGCCTAGTTATTTTATATTGTGTAAGATGACTAACAATACTTGCGAGAGTAGAATTGGCGATTGGGGAGAAGTCGTAA-CGGTATGTTCACCACCGCCGACGACATCAAGATCAGTTTCGAATGGATGACCGCGCCGAAAGCGCAGTGAA",0,0,0,348,0,0,0,0,0,0,0,0,0,0,0,0,0,0,0,0,15,0,0,0
"NA",100,"Chordata",100,"Actinopteri",100,"Characiformes",100,"Acestrorhamphidae",100,"Astyanax",100,NA,100,"Astyanax_aff._fasciatus/Astyanax_cf._fasciatus/Astyanax_mexicanus/Astyanax_microlepis/Astyanax_sp./Astyanax_sp._n._IRO-2020/Hyphessobrycon_ocasoensis/Hyphessobrycon_proteus/Hyphessobrycon_sp./Psalidodon_anisitsi/Psalidodon_fasciatus/Psalidodon_paranae/Psalidodon_rivularis","CCCCAACAAAACTGAACTAAGTAAATAACCCATAAATTATTTTAAACGGGGAGATAAGTCGTAA",0,0,0,31,1142,0,0,0,0,0,574,0,0,1450,0,0,59,0,128,0,0,0,0,0
"NA",100,"Chordata",100,"Actinopteri",100,"Characiformes",88,"Acestrorhamphidae",88,NA,48,NA,40,"NA","CCCCAACAAAACTGAACTAAGTAAATAACCCACAAATTATTTTAAACGGGGAGATAAGTCGTAA",0,0,0,0,0,0,0,0,0,23,0,0,0,0,0,0,0,0,0,0,0,0,0,0
"NA",100,"Chordata",100,"Actinopteri",100,"Characiformes",100,"Anostomidae",100,"Megaleporinus",100,"Megaleporinus_muyscorum",100,"Megaleporinus_muyscorum-Megaleporinus_muyscorum","CCCCATCACCTATCTCTCTAAGTAAATAACCACAGTAATCTCCCGTCGGGGAGGCAAGTCGTAA-CCCCATCACCTATCTCTCCAAGTAAATAACCACAGTAATCTCCCGTCGGGGAGGCAAGTCGTAA",38399,29722,17381,26691,21168,20725,1343,13923,59604,21980,18220,12896,23814,22611,5,36831,32243,0,16860,28411,20134,44175,3496,11
"NA",100,"Chordata",100,"Actinopteri",99.6428571428571,"Characiformes",88.5714285714286,"Anostomidae",87.9285714285714,"Megaleporinus",87.9285714285714,NA,87.4285714285714,"NA-NA-NA-NA-NA-NA-NA-NA-NA-NA-NA-NA-NA-NA","CCCCATCACTTATCTCTCCAAGTAAATAACCACAGTAATCTCCCGTCGGGGAGGCAAGTCGTAA-CCCCATCACCTATCTCTTTAAGTAAATAACCACAGTAATCTCCCGTCGGGGAGGCAAGTCGTAA-CCCCATCACCTATCTCTCCAAGTAAATAATCACAGTAATCTCCCGTCGGGGAGGCAAGTCGTAA-CCCCATCACCTATCCCTCTAAGTAAATAACCACAGTAATCTCCCGTCGGGGAGGCAAGTCGTAA-CCCCATCACCTATCTCTCTGAGTAAATAACCACAGTAATCTCCCGTCGGGGAGGCAAGTCGTAA-CCCCATCACCTATCTCTCTAAGTAAATAACCACAGTAACCTCCCGTCGGGGAGGCAAGTCGTAA-CCCCATCACCTATCTCTCTAAGTAAATAACCACAATAATCTCCCGTCGGGGAGGCAAGTCGTAA-CCCCATCACCTATCTCTCCAAGTAAATAACCACAGTAACCTCCCGTCGGGGAGGCAAGTCGTAA-CCCCATCACCTATCTCTCTAAGTAAATAACCACAGTAATCCCCCGTCGGGGAGGCAAGTCGTAA-CCCCATCACCTATCTCTCTAAGTAAATAACCACAGTAATCTCCCGTCGGGGAGGCAAGCCGTAA-CCCCATCACCTATCTCTCCAAGTAAATAACCACAGTAATCTCCCATCGGGGAGGCAAGTCGTAA-CCCCATCACCTATCTCTCTAAGTAAATACCCACAGTAATCTCCCGTCGGGGAGGCAAGTCGTAA-CCCCATCACCTATCTCTCCAAGTAACTAACCACAGTAATCTCCCGTCGGGGAGGCAAGTCGTAA-CCCCATCACCCAACATATTTAAGTAGATAACCACAGTAATCTCCCGTCGGGGAGGCAAGTCGTGA",319,0,0,1534,262,0,0,0,357,0,0,791,0,0,0,1073,0,0,5,287,1886,0,0,0
"NA",100,"Chordata",100,"Actinopteri",100,"Characiformes",100,"Characidae",100,"Roeboides",100,"Roeboides_dayi",100,"Roeboides_dayi","CCCTAATTTAAACAGTATCAAATGTAAATAACCAAAAAAATCAAAAAACAGGGAGGCAAGTCGTAA",1,326,652,155,810,188,0,0,0,786,739,91,1,2851,0,417,377,0,435,373,1,0,0,0
"NA",100,"Chordata",100,"Actinopteri",98,"Characiformes",80,"Characidae",80,"Roeboides",80,NA,80,"NA","CCCTAATTTAAATAGTATCAAATGTAAATAACCAAAAAAATCAAAAAACAGGGAGGCAAGTCGTAA",0,0,0,0,0,0,0,0,0,0,0,108,0,0,0,0,0,0,0,0,0,0,0,0
"NA",100,"Chordata",100,"Actinopteri",100,"Characiformes",100,"Ctenoluciidae",100,"Ctenolucius",100,"Ctenolucius_hujeta",100,"Ctenolucius_hujeta","CTCTTTCCATTACTCAACTGTGTAATTAACAAAAATTAAACCAAATGATTAGGGGAGACAAGTCGTAA",0,345,0,2,0,4,0,0,0,0,7,66,1,0,0,61,0,0,360,3367,0,0,0,0
"NA",100,"Chordata",100,"Actinopteri",100,"Characiformes",100,"Curimatidae",99,"Curimata",99,"Curimata_mivartii",99,"Curimata_mivartii","CCCCATCACCCAATTAATACAAGTAATTAACTAACTACATCATAAAGCGGGGAGGCAAGTCGTAA",4,1617,2,1,0,1,226179,28,0,644,0,1340,3376,1040,0,2,1206,1,562,2,4754,8997,1,129584
"NA",100,"Chordata",100,"Actinopteri",100,"Characiformes",85.8333333333333,"Curimatidae",85.6666666666667,"Curimata",85.6666666666667,NA,85.6666666666667,"NA-NA-NA-NA-NA-NA","CCCCATCACCCAATTAATATAAGTAATTAACTAACTACATCATAAAGCGGGGAGGCAAGTCGTAA-CCCCATCACCCAATTAATACAAGTAATTAACTAACTACATCATAAAGCGGGGAGGCAAGTCGTAG-CCCCATCACACAATTAATACAAGTAATTAACTAACTACATCATAAAGCGGGGAGGCAAGTCGTAA-CCCCATCACCCAATTAACACAAGTAATTAACTAACTACATCATAAAGCGGGGAGGCAAGTCGTAA-CCCCATCACCCAATTAATACAAGTAATTAACTAACTACATCATAAAGCGGTGAGGCAAGTCGTAA-CCCCATCACCCAATTAATACAAGTAATTAACTAACTACATCATAAAGCGGGGAGGCAAGTCGTAACATGGTAAGTGTACCGGAAGTTGGAGCAACATGGTAAGTGTACCGGAAGTTGGAGCAACATGGTAAGTGTACCGGAAGTTGGAGCAA",0,109,0,0,0,0,183,0,0,0,0,0,0,86,0,0,0,0,0,0,1049,0,0,537
"NA",100,"Chordata",100,"Actinopteri",100,"Characiformes",100,"Cynodontidae",100,"Gilbertolus",100,"Gilbertolus_alatus",100,"Gilbertolus_alatus","CCCCAAATCGATCACTTAAGTAACTAACAAGATAATAGATATGACGGGGAGGCAAGTCGTAA",0,0,0,0,0,1134,0,0,0,0,120,0,0,0,0,363,0,0,0,0,0,0,0,0
"NA",100,"Chordata",100,"Actinopteri",100,"Characiformes",92.5,"Cynodontidae",92.5,"Gilbertolus",92.5,NA,92.5,"NA-NA","CCCCAAATCGATCACTTAAGTAACTAACAAGGTAATAGATATGACGGGGAGGCAAGTCGTAA-CCCCAAATCGATCACTTAAATAACTAACAAGATAATAGATATGACGGGGAGGCAAGTCGTAA",0,0,0,0,0,263,0,0,0,0,0,0,0,0,0,0,0,0,0,0,0,0,0,0
"NA",100,"Chordata",100,"Actinopteri",100,"Characiformes",100,"Erythrinidae",100,"Hoplias",100,"Hoplias_malabaricus",100,"Hoplias_malabaricus","CCCCATTTATTAACTTAACCCAAGTAATTAACTAAATACATAAACCAGCGGGGAGGCAAGTCGTAA",0,1498,0,0,3347,0,0,0,0,1757,0,784,0,626,0,0,0,0,1414,700,5386,1046,0,0
"NA",100,"Chordata",100,"Actinopteri",100,"Characiformes",73,"Erythrinidae",73,"Hoplias",73,NA,67,"NA","CCCCATTTATTAACTTAACCCAAGTAATTAACTAAATACATAAGCCAGCGGGGAGGCAAGTCGTAA",0,0,0,0,0,437,0,0,0,0,0,0,0,0,0,0,126,0,0,0,744,74,0,0
"NA",100,"Chordata",100,"Actinopteri",100,"Characiformes",100,"Parodontidae",100,"Parodon",100,"Parodon_magdalenensis",100,"Parodon_alfonsoi/Parodon_magdalenensis","CCCCAACACAACAAAACTCAGTAAATAACCAACTTCACTCAAAACGGGGAGGCAAGTCGTAA",0,61,0,0,0,0,0,0,0,0,0,0,0,0,0,0,0,0,0,0,0,0,0,0
"NA",100,"Chordata",100,"Actinopteri",100,"Characiformes",99,"Prochilodontidae",99,"Ichthyoelephas",99,"Ichthyoelephas_longirostris",99,"Ichthyoelephas_longirostris","CCCCGAGACAATACAAACAAGTAAATAACCAAAAACACAATAAAAAGGGGAGGCAAGTCGTAA",0,167,0,0,0,0,0,0,0,0,0,0,0,0,0,0,0,0,0,0,0,0,0,0
"NA",100,"Chordata",100,"Actinopteri",100,"Characiformes",100,"Prochilodontidae",100,"Prochilodus",100,"Prochilodus_magdalenae",82,"Prochilodus_magdalenae","CCCCATTACCCTAAACTAAACAGTAAATAACCAAACGCACAACAAAGCGGGGAGGCAAGTCGTAA",40318,4659,10774,13649,5728,3801,657,6979,16394,11952,12730,10258,3269,11767,8,10294,17812,0,7262,5360,23101,60032,22838,50
"NA",100,"Chordata",100,"Actinopteri",99.8,"Characiformes",86,"Prochilodontidae",85.3,"Prochilodus",84.2,NA,61.9,"NA-NA-NA-NA-NA-NA-NA-NA-NA-NA","CCCCATTACCCTAAACCAAACAGTAAATAACCAAACGCACAACAAAGCGGGGAGGCAAGTCGTAA-CCCCATTACCCTAAACTAAACAGTAAATAACCAAACGCACAACAAAGCGGGGAGGCAGGTCGTAA-CCCCATTACCCTAAACTAAACAGTAAATAACCAAATGCACAACAAAGCGGGGAGGCAAGTCGTAA-CCCCATTACCCTAAACTAAACAGTAAATAACCAGACGCACAACAAAGCGGGGAGGCAAGTCGTAA-CCCCATTACTCTAAACTAAACAGTAAATAACCAAACGCACAACAAAGCGGGGAGGCAAGTCGTAA-CCCCATTACCCTAAACTAAACAGTAAATAATCAAACGCACAACAAAGCGGGGAGGCAAGTCGTAA-CCCCATTACCCTAAACTAAACAGTAAATAACCAAACGCACAACAAGGCGGGGAGGCAAGTCGTAA-CCCCATTACTCTAAACTAAACAGTAAATAGCCAAACGCACAACAAAGCGGGGAGGCAAGTCGTAA-CCCCATTACCCTAAACTAAACAGTAAATAACCAAACGCACAACAAAGCAGGGAAACAAGTCGTAA-CCCCATTACCCTAAACTAAACAGTAAATAACCAAACGCACAACAAAGCTGGGAGGCAAGTCGTAA",0,0,0,0,336,0,0,0,0,0,531,0,1104,278,0,92,536,0,0,247,0,0,0,0
"NA",100,"Chordata",100,"Actinopteri",100,"Characiformes",96,"Serrasalmidae",94,NA,22,NA,22,"NA","CCCCATTACCTAACCACACAAGTAAATAACCAAAAATATTTCACAGCGGGGAGGCAAGTCGTAA",0,0,0,0,328,0,0,0,0,0,0,0,0,0,0,0,0,0,0,0,0,0,0,0
"NA",100,"Chordata",100,"Actinopteri",100,"Cichliformes",99,"Cichlidae",99,"Andinoacara",99,"Andinoacara_latifrons",99,"Andinoacara_latifrons/Andinoacara_pulcher","CCCTAACCCAACAAATTAAAGACTTCACATCTTTCTACGTAAGGGGAGGCAAGTCGTAA",1,7397,6536,3505,17129,2795,0,0,4485,1724,22,10076,3364,2673,2,5437,9874,0,2217,5457,0,0,0,0
"NA",100,"Chordata",100,"Actinopteri",100,"Cichliformes",84,"Cichlidae",84,"Andinoacara",83.6666666666667,NA,70.3333333333333,"NA-NA-NA","CCCTAACCCAACAAATTAAAGACTTCACATCTTTCTACGTAAGGGGAGGCACGTCGTAA-CCCTAACCTAACAAATTAAAGACTTCACATCTTTCTACGTAAGGGGAGGCAAGTCGTAA-CCCTAACCCAACAAATTAAAGACTTCACATCTTTCTAGGTAAGGGGAGGCAAGTCGTAA",0,0,0,0,162,0,0,0,0,0,0,0,0,0,0,0,0,0,553,1050,0,0,0,0
"NA",100,"Chordata",100,"Actinopteri",100,"Cichliformes",100,"Cichlidae",100,"Caquetaia",100,"Caquetaia_kraussii",100,"Caquetaia_kraussii","CCCCAAGCCAACTTTTAAAATATACATAATACATTTTTAGGAACTAAGGGGAGGCAAGTCGTAA",12,57846,34241,33466,34006,52327,17,22030,3,22903,8726,31197,17102,34210,4,30536,20684,1,20019,76506,5126,28463,22059,0
"NA",100,"Chordata",100,"Actinopteri",99.8888888888889,"Cichliformes",79.3333333333333,"Cichlidae",79.3333333333333,"Caquetaia",74.2222222222222,NA,74.2222222222222,"NA-NA-NA-NA-NA-NA-NA-NA-NA","CCCCAAGCCAACTTTTAAAACATACATAATACATTTTTAGGAACTAAGGGGAGGCAAGTCGTAA-CCCCAAGCCAACTTTTAAAATATACATAATGCATTTTTAGGAACTAAGGGGAGGCAAGTCGTAA-CCCCAAGCCAACTTTTAAAATATACATAATACATCTTTAGGAACTAAGGGGAGGCAAGTCGTAA-CCCCAAGCCAACTTTTAAAATATACATAATACATTTTTAGGAACTAAGGGAAGGCAAGTCGTAA-CCCCAAGCCAACTTTTAAAATATACATAATACATTTTTAGGAACTAAGGGGGGGCAAGTCGTAA-CCCCAAGCCAACTTTTAAAATATACATAATACATTTTTAGGAACTAAGGGGTGGCAAGTCGTAA-CCCCAAGCCAACTTTTAAAAGATACATAATACATTTTTAGGAACTAAGGGGAGGCAAGTCGTAA-CCCCAGGCCAACTTTTAAAATATACATAACACATTTTTAGGAACTAAGGGGAGGCAAGTCGTAA-CCCCAAGCCAACTTTTAAAATATACATATTACATTTTTAGGAACTAAGGGGAGGCAAGCCGTAA",0,0,0,0,118,32,0,835,0,543,0,0,5600,1501,0,0,0,0,0,132,0,179,0,0
"NA",100,"Chordata",100,"Actinopteri",100,"Cichliformes",100,"Cichlidae",100,"Geophagus",100,"Geophagus_steindachneri",91,"Geophagus_steindachneri","CCCCAAACCAACTAACCCTGGATTCATAACACATCTGCCCGGTAAAGGGGAGGCAAGTCGTAA",0,0,0,0,0,0,0,0,0,0,0,0,0,0,0,0,0,0,0,0,426,0,0,0
"NA",100,"Chordata",100,"Actinopteri",100,"Cichliformes",68,"Cichlidae",68,"Geophagus",64,NA,64,"NA","CCCCAAACCAACTAACCCTAGATTCATAATACATCTGCCCGGTGAAGGGGAGGCAAGTCGTAA",0,0,0,0,0,0,0,0,0,0,0,0,0,0,0,0,0,0,292,0,0,0,0,0
"NA",100,"Chordata",100,"Actinopteri",100,"Cichliformes",100,"Cichlidae",100,"Oreochromis",97,"Oreochromis_mossambicus",93,"Oreochromis_malagarasi/Oreochromis_mossambicus/Oreochromis_niloticus/Oreochromis_sp._'red_tilapia'/Oreochromis_sp._IL2/Oreochromis_sp._TW1/Oreochromis_sp._TW2/Oreochromis_tanganicae","CCCCAAGCCAACCAACACCCCATAAATAATACATTTTACCGGTAAAGGGGAGGCAAGTCGTAA",0,447,0,0,0,0,0,0,0,0,0,0,0,0,0,0,0,0,0,1733,0,0,0,0
"NA",100,"Chordata",100,"Actinopteri",100,"Cichliformes",96,"Cichlidae",96,"Sarotherodon",62,NA,57,"Myaka_myaka/Oreochromis_mossambicus/Oreochromis_niloticus/Oreochromis_niloticus_x_Oreochromis_aureus/Sarotherodon_linnellii/Sarotherodon_lohbergeri/Stomatepia_pindu-NA","CCCCAAGCCAACCAACACCCTATAAATAATACATTTCACCGGTAAAGGGGAGGCAAGTCGTAA-ACCCAAGCCAACCAACACCCTATAAATAATACATTTCACCGGTAAAGGGGAGGCAAGTCGTAA",0,114,134,2061,1471,727,0,0,0,1025,207,138,1,520,0,1162,1658,0,1198,2273,0,1939,0,0
"NA",100,"Chordata",100,"Actinopteri",100,"Cypriniformes",100,"Gobionidae",98,"Gobio",94,"Gobio_obtusirostris",92,"Gobio_gobio/Gobio_obtusirostris","CCCCTGTCAATACGCAATAAAGATTCATAACACCAAAGCACTGACAAGGGGAGGCAAGTCGTAA",0,0,0,0,0,0,0,0,0,0,0,0,0,0,0,0,0,0,0,0,0,2,0,0
"NA",100,"Chordata",100,"Actinopteri",100,"Cypriniformes",100,"Leuciscidae",98,"Abramis",90,"Abramis_brama",90,"Abramis_brama","CCCCTGTCAAAATGCAATAAAGTTACTTAACACCAACGCGCTGACAAGGGGAGGCAAGTCGTAA",0,0,0,0,0,0,0,0,0,0,0,0,0,0,0,0,0,0,0,0,0,2,0,0
"NA",100,"Chordata",100,"Actinopteri",100,"Cypriniformes",100,"Leuciscidae",97,"Alburnus",87,"Alburnus_alburnus",87,"Alburnus_alburnus","CCCCTGTCAAAATGCAATACAGCTACCTAACAACAAAGCGCTGACAAGGGGAGGCAAGTCGTAA",6,0,0,0,0,0,0,0,0,0,0,0,0,0,0,0,0,0,0,0,0,0,0,0
"NA",100,"Chordata",100,"Actinopteri",100,"Cypriniformes",100,"Leuciscidae",97,"Scardinius",85,"Scardinius_erythrophthalmus",85,"Scardinius_erythrophthalmus","CCCCTGTCAAAATGCAATAAAGCTACCTAACAACAGAGCGCTGACAAGGGGAGGCAAGTCGTAA",0,0,0,0,0,0,0,0,0,0,0,0,0,0,0,0,0,0,0,0,0,1,0,0
"NA",100,"Chordata",100,"Actinopteri",97.25,"Cyprinodontiformes",65,"Poeciliidae",65,"Poecilia",61.75,NA,58.5,"NA-NA-NA-NA","CCCCAAAAATCAAAATATATCTATATTTAAAAACTTACCCAAACTAAAGGGGAGGTAAGTCGTAA-CCCCAAAATCAAAATATATCTATATTTAAAAACTTACCCAAACTAAAGGGGAGGTAAGTCGTAA-CCCCAAAAATCAAAATATATCTATATCTAAAAACTTACCCAAACTAAAGGGGAGGTAAGTCGTAA-CCCCAAAAATCAAAATATATCTATACTTAAAAACTTACCCAAACTAAAGGGGAGGTAAGTCGTAA",0,270,5556,3787,733,979,1,2,0,753,593,117,0,3171,0,960,1659,0,1,151,0,207,0,0
"NA",100,"Chordata",100,"Actinopteri",100,"Gymnotiformes",99.3333333333333,"Sternopygidae",99.3333333333333,"Eigenmannia",99.3333333333333,"Eigenmannia_humboldtii",90.6666666666667,"Eigenmannia_camposi/Eigenmannia_humboldtii-Eigenmannia_humboldtii-Eigenmannia_humboldtii","CCCCTCTTACAATAACAAAAGCTATATAACACAACCTCTTACACCAAGGGGAGGCAAGTCGTAA-CCCCTCCTCTAATTATACAAAGCTATATAACACAACCTCTTACACCAAGGGGAGGCAAGTCGTAA-CCCCTCCTCTAATTATACAAAGCTATATAACACAACCTCTTATACCAAGGGGAGGCAAGTCGTAA",0,0,0,600,138,1489,0,0,0,1203,2516,7,0,734,0,935,1655,0,2664,0,1,183,0,0
"NA",100,"Chordata",100,"Actinopteri",100,"Gymnotiformes",76.4285714285714,"Sternopygidae",76.4285714285714,"Eigenmannia",76.4285714285714,NA,44.7142857142857,"NA-NA-NA-NA-NA-NA-NA","CCCCTCCTCTAATTACATAAAGCTATATAACACAACCTCTTATGCCAAGGGGAGGCAAGTCGTAA-CCCCTCCTCTAATTATACAAAGCTATGTAACACAACCTCTTACACCAAGGGGAGGCAAGTCGTAA-CCCCTCTTACAATAACAAAAAGCTATATAACACAACCTCCAACACCAAGGGGAGGCAAGTCGTAA-CCCCTCCTCTAATTATACAAAGCTATATAACACAACCTCTCATACCAAGGGGAGGCAAGTCGTAA-CCCCCCCTCTAATTATACAAAGCTATATAACACAACCTCTCATACCAAGGGGAGGCAAGTCGTAA-CCCCTCTTACAATAACAAAAAGCTATATAACACAACCTCTTACACCAAGGGGAGGCAAGTCGTAA-CCCCTCTTACAATAACAAAAGATATATAACACAACCTCTTACACCAAGGGGAGGCAAGTCGTAA",0,0,1279,0,443,298,0,0,0,0,967,0,0,0,0,368,262,0,0,0,0,0,0,0
"NA",100,"Chordata",100,"Actinopteri",100,"Gymnotiformes",100,"Sternopygidae",100,"Sternopygus",100,"Sternopygus_dariensis",75,"Sternopygus_aequilabiatus/Sternopygus_dariensis","CCCCACTCAACCATAAATCAAGTATTTAACACACCAACCTCAGATTCGGGGAGGCAAGTCGTAA",10987,83,1499,1466,1149,0,0,0,5439,1682,183,362,808,1205,0,323,740,0,2435,259,0,809,0,0
"NA",100,"Chordata",100,"Actinopteri",99.5,"Gymnotiformes",84,"Sternopygidae",84,"Sternopygus",84,NA,55,"NA-NA-NA-NA","CCCCACTCAACCATAAATCAAGTATTTAACACACCAGCCTCAGATTCGGGGAGGCAAGTCGTAA-CCCCACTCAACCATAAATCAAGTATTTAACACATCAGCCTCAGATTCGGGGAGGCAAGTCGTAA-CCCCACTCAACCATAAATCAAGTATTTAACACACCAACCTCAGATTCGGGGAGGCAAGTCGTAG-CCCCACTCAACCATAAATCAAGTATTTAACACACCAACCTCGGATTCGGGGAGGCAAGTCGTAA",22676,0,1227,368,3555,2595,0,0,1059,1563,1025,322,2489,711,0,490,1907,1,788,0,1513,0,0,0
"NA",100,"Chordata",100,"Actinopteri",100,"Kurtiformes",58,"Apogonidae",58,"Astrapogon",58,NA,58,"NA-NA","CCCCATCACCCAACATATTTAAGTAGATAACTAAAAACATAACAAAGCGGGGAGGCAAGTCGTAACATGGTAAGTGTACCGGACCGCCCGTCACTCTCCCCATCTAACCTAAAACATGTAATTAACCGAACTTATATAACAAGCGGGGGGGCAAGTCGTAA-TGACTCCCAATCTCTCGCGACTTACCACGCCCTGGGGCGTCGCGGCCCCAGGCCCGTCGATGTCGCGCTCTGCTGTCGTCCGGCGTCCCACCGTGGTCGCCTCCCTCGGGGTCC",0,0,0,0,0,0,0,0,0,5,0,0,0,3,0,0,0,0,0,0,0,0,0,0
"NA",100,"Chordata",100,"Actinopteri",100,"NA",97,"Sciaenidae",97,"Plagioscion",95,"Plagioscion_magdalenae",95,"Plagioscion_magdalenae","CCCCAAACTAACCAAAACCTCATTAAATAAAATACCACCACAGTAAAGGGGAGGCAAGTCGTAA",1,1844,30945,5940,3274,4188,1755,0,7492,1118,1027,4754,0,6748,13540,4346,1,0,4460,3964,0,1694,0,0
"NA",100,"Chordata",100,"Actinopteri",100,"NA",85,"Sciaenidae",85,"Plagioscion",77,NA,76,"NA-NA","CCCCAAACTAACCAAAACCTCGTTAAATAAAATACCACCACAGTAAAGGGGAGGCAAGTCGTAA-CCCCAAACTAACCAAAACCTCATTAAATAAAATACCACCACAGTGAAGGGGAGGCAAGTCGTAA",0,0,213,0,0,0,0,0,0,0,0,0,0,177,0,0,0,0,0,0,0,0,0,0
"NA",100,"Chordata",100,"Actinopteri",100,"Perciformes",100,"Cottidae",100,"Gymnocanthus",95,"Gymnocanthus_tricuspis",64,"Gymnocanthus_tricuspis","CCCCAAAAACACCAGCCAATTAACTAAAACCTAATAATTAAAAAGGGGAGGCAAGTCGTAA",0,0,0,0,0,0,0,0,0,0,0,0,0,0,0,0,0,0,0,0,0,9,5,1
"NA",100,"Chordata",100,"Actinopteri",100,"Perciformes",98,"Cottidae",97,"Icelus",80,"Icelus_spatula",80,"Icelus_spatula","CCCCAAAGACGCAATCAATTAACTAAAATCTAATAATTAAAAAGGGGAGGCAAGTCGTAA",0,0,0,0,0,0,0,0,0,0,0,0,0,0,0,0,0,0,0,0,0,1,0,0
"NA",100,"Chordata",100,"Actinopteri",100,"Perciformes",100,"Cottidae",99,"Myoxocephalus",78,NA,78,"Megalocottus_platycephalus/Myoxocephalus_aenaeus/Myoxocephalus_brandtii/Myoxocephalus_jaok/Myoxocephalus_octodecemspinosus/Myoxocephalus_polyacanthocephalus/Myoxocephalus_quadricornis/Myoxocephalus_scorpius/Myoxocephalus_stelleri/Myoxocephalus_thompsonii/Porocottus_allisi/Porocottus_coronatus","CCCCAAAGACGCAAATCAATTAACTAAAACCTAATAATTAAAAAGGGGAGGCAAGTCGTAA",0,0,0,0,0,0,0,0,0,0,0,0,0,0,0,0,0,0,0,0,0,2,1,2
"NA",100,"Chordata",100,"Actinopteri",100,"Perciformes",99,"Cyclopteridae",99,"Cyclopterus",99,"Cyclopterus_lumpus",99,"Cyclopterus_lumpus","CCCCAAAACCACACCCCCGTTAATTAAAACCTAATAACCAACAAGGGGAGGCAAGTCGTAA",0,0,0,0,0,0,0,0,0,0,0,0,0,0,0,0,0,0,0,0,0,1,0,0
"NA",100,"Chordata",100,"Actinopteri",100,"Perciformes",72,"Cyclopteridae",68,NA,40,NA,25,"NA","CCCCAAAACCACAGCAAGTTAATTAAAACCTAATAACCAACAAGGGGAGGCAAGTCGTAA",0,0,0,0,0,0,0,0,0,0,0,0,0,0,0,0,0,0,0,0,0,1,1,0
"NA",100,"Chordata",100,"Actinopteri",100,"Perciformes",100,"Liparidae",96,"Liparis",96,"Liparis_ochotensis",51,"Liparis_agassizii/Liparis_gibbus/Liparis_ochotensis","CTCCAAAATTAATGCCAAATTAACTAAAACCTAATAAACAAAAAGGGGAGGCAAGTCGTAA",0,0,0,0,0,0,0,0,0,0,0,0,0,0,0,0,0,0,0,0,0,0,3,0
"NA",100,"Chordata",100,"Actinopteri",100,"Perciformes",100,"Zoarcidae",51,"Lycodes",51,NA,51,"Anisarchus_medius/Bothrocara_hollandi/Ernogrammus_hexagrammus/Gymnelus_viridis/Icelus_toyamensis/Lycodes_brevipes/Lycodes_esmarkii/Lycodes_palearis/Lycodes_raridens/Lycodes_sadoensis/Lycodes_sp._ADK-2014/Lycodes_vahlii/Lycodichthys_dearborni/Ophthalmolycus_amberensis/Zaprora_silenus","CCCCAAGCCCACCAACTTAATTAACTAAACCCTAATAATCGCAAAGGGGAGGCAAGTCGTAA",0,0,0,0,0,0,0,0,0,0,0,0,0,0,0,0,0,0,0,0,0,8,5,1
"NA",100,"Chordata",100,"Actinopteri",100,"Perciformes",82,NA,43,NA,35,NA,35,"NA","CCCCAAGCCCACCAACTTAATTAACTAAGCCCTAATAATCGCAAAGGGGAGGCAAGTCGTAA",0,0,0,0,0,0,0,0,0,0,0,0,0,0,0,0,0,0,0,0,0,12,4,2
"NA",100,"Chordata",100,"Actinopteri",100,"Salmoniformes",100,"Salmonidae",100,"Oncorhynchus",79,"Oncorhynchus_mykiss",79,"Oncorhynchus_chrysogaster/Oncorhynchus_clarkii/Oncorhynchus_gilae/Oncorhynchus_kisutch/Oncorhynchus_mykiss/Oncorhynchus_tshawytscha","CCCCAAGTTCAACCTGTCCTTCTAACTAAGAAGTTAACCGAACAAAGGGGAGGCAAGTCGTAA",0,0,0,0,0,0,0,0,0,0,0,472,0,0,0,0,0,0,0,0,0,0,0,0
"NA",100,"Chordata",100,"Actinopteri",100,"Salmoniformes",100,"Salmonidae",100,"Salvelinus",100,"Salvelinus_alpinus",100,"Salvelinus_albus/Salvelinus_alpinus/Salvelinus_boganidae/Salvelinus_confluentus/Salvelinus_curilus/Salvelinus_drjagini/Salvelinus_elgyticus/Salvelinus_fontinalis/Salvelinus_fontinalis_x_Salvelinus_malma/Salvelinus_kronocius/Salvelinus_kuznetzovi/Salvelinus_leucomaenis/Salvelinus_levanidovi/Salvelinus_malma/Salvelinus_profundus/Salvelinus_schmidti/Salvelinus_sp./Salvelinus_sp._4_ADK-2017/Salvelinus_sp._7_sensu_Bogutskaya,_Naseka,_2004/Salvelinus_sp._limnetic_Thun/Salvelinus_sp._Limnetic_Vierwaldstattersee/Salvelinus_sp._profundal_dwarf_Thun/Salvelinus_sp._Profundal_dwarf_Vierwaldstattersee/Salvelinus_sp._profundal_Walen_I/Salvelinus_sp._profundal_Walen_II/Salvelinus_sp._Thunersee/Salvelinus_sp._Vierwaldstattersee/Salvelinus_taranetzi/Salvelinus_umbla","CCCCAAGTTTAATTTATCCTTCTAACTAAGAAGTTAACCAAACAAAGGGGAGGCAAGTCGTAA",0,0,0,0,0,0,0,0,0,0,0,0,0,0,0,0,0,0,0,0,0,4,3,0
"NA",100,"Chordata",100,"Actinopteri",100,"Siluriformes",87,"Astroblepidae",87,"Astroblepus",87,"Astroblepus_sp.",87,"Astroblepus_sp.","CCCCAAATAGACACCGTACATTCTTAATACATTATAATAAAACACGGGGAGGCAAGTCGTAA",0,0,0,0,76,0,0,0,0,0,0,0,0,0,0,0,0,0,0,0,0,0,0,0
"NA",100,"Chordata",100,"Actinopteri",100,"Siluriformes",68,"Astroblepidae",67,"Astroblepus",67,NA,37,"NA","CCCCAAACATAACATCACACATCCTTAATACAATATAATTGAAACACGGGGAGGCAAGTCGTAA",0,0,0,0,0,0,0,0,0,0,0,0,0,0,0,0,3278,0,0,0,0,0,0,0
"NA",100,"Chordata",100,"Actinopteri",100,"Siluriformes",100,"Auchenipteridae",100,"Ageneiosus",100,"Ageneiosus_pardalis",100,"Ageneiosus_pardalis","CCCCTTATATATACCATCCAAACATTCCTAATAATTTACAAACCAACACGGGGAGGCAAGTCGTAA",0,0,0,0,0,172,0,0,3004,569,746,265,566,128,0,425,137,0,66,0,1784,583,711,0
"NA",100,"Chordata",100,"Actinopteri",100,"Siluriformes",85,"Auchenipteridae",83,"Ageneiosus",83,NA,83,"NA","CCCCTTATATATACCATCCAAACATTCCTAGTAATTTACAAACCAACACGGGGAGGCAAGTCGTAA",0,0,0,0,0,0,0,0,0,0,0,44,0,0,0,0,0,0,0,0,0,0,0,0
"NA",100,"Chordata",100,"Actinopteri",100,"Siluriformes",100,"Heptapteridae",99.5,"Pimelodella",99.5,"Pimelodella_floridablancaensis",99.5,"Pimelodella_floridablancaensis-Pimelodella_floridablancaensis","CCCCCACTAATATAATAACCCATATATTAATAATACATCTAACAACACGGGGAGGCAAGTCGTAA-CCCCCACTAATATAATAACCTATATATTAATAATACATCTAACAACACGGGGAGGCAAGTCGTAA",0,132,0,0,0,0,0,0,0,0,0,26,0,0,0,0,0,0,0,26,0,0,0,0
"NA",100,"Chordata",100,"Actinopteri",100,"Siluriformes",100,"Loricariidae",99,"Chaetostoma",99,"Chaetostoma_brevilabiatum",99,"Chaetostoma_brevilabiatum","CCCCTTCCTACTATAATTAACTAAACATTCCTAATCACACACACAAAAATACGGGGAGGCAAGTCGTAA",0,0,0,0,0,0,0,0,0,0,0,0,0,824,0,0,352,0,0,0,0,0,0,0
"NA",100,"Chordata",100,"Actinopteri",100,"Siluriformes",100,"Loricariidae",100,"Chaetostoma",100,"Chaetostoma_milesi",99,"Chaetostoma_milesi","CCCCTTCCTATTATAATTAACCAAACATTCCTAATTACACACATAAAAATACGGGGAGGCAAGTCGTAA",0,0,0,0,0,0,0,0,0,6,0,0,0,0,0,0,0,0,0,0,0,0,0,0
"NA",100,"Chordata",100,"Actinopteri",100,"Siluriformes",100,"Loricariidae",100,"Chaetostoma",100,"Chaetostoma_thomsoni",80,"Chaetostoma_thomsoni","CCCCTTCCTATTATAATCAAAACATTCCTAATCACACACACAAAAATACGGGGAGGCAAGTCGTAA",0,0,0,0,0,0,0,0,0,0,0,0,0,0,0,0,160,0,0,0,0,0,0,0
"NA",100,"Chordata",100,"Actinopteri",100,"Siluriformes",99,"Loricariidae",99,"Crossoloricaria",99,"Crossoloricaria_cephalaspis",96,"Crossoloricaria_cephalaspis","CCCCACCACCACCACACAAACATCTATAATAATTTAATATTAGACGCGGGGAGGCAAGTCGTAA",0,0,0,0,0,0,0,0,0,0,0,0,0,0,0,604,0,0,0,0,0,467,0,0
"NA",100,"Chordata",100,"Actinopteri",100,"Siluriformes",97,"Loricariidae",97,"Farlowella",73,NA,62,"NA","CCCCTTCCTACCATAATCAACTAAACATATCTAATTAACCACACAAAACCACGGGGAGGCAAGTCGTAA",0,0,0,0,0,0,0,0,0,0,0,0,0,0,0,670,0,0,0,0,0,0,0,0
"NA",100,"Chordata",100,"Actinopteri",100,"Siluriformes",80,"Loricariidae",75,"Hypostomus",71,NA,69,"NA","CCCCTTCCTATTACAATTATCTAATAATTAATTACACACATTAAACCACGGGGAGGCAAGTCGTAA",0,0,0,0,330,0,0,0,0,0,0,0,0,188,0,0,0,0,0,0,0,0,0,0
"NA",100,"Chordata",100,"Actinopteri",100,"Siluriformes",94,"Loricariidae",94,"Lasiancistrus",94,NA,70,"NA","CCCCTTTTCATCTTAATTACCAACATACCTAATCTTATATCCAAAACTATGGGGAGGCAAGTCGTAA",0,0,0,0,0,0,0,0,0,0,0,0,0,0,0,451,0,0,0,0,0,0,0,0
"NA",100,"Chordata",100,"Actinopteri",100,"Siluriformes",97,"Loricariidae",97,"Loricariichthys",95,NA,43,"Loricariichthys_maculatus/Loricariichthys_sp._'Orinoco'","CCCCACCACTACCAACAACCATTTCTAATATTTTATATAATAATACGGGGAGGCAAGTCGTAA",0,0,0,0,0,0,0,0,0,0,0,0,0,0,0,0,516,0,0,225,0,0,0,0
"NA",100,"Chordata",100,"Actinopteri",100,"Siluriformes",99,"Loricariidae",99,"Panaque",98,"Panaque_cochliodon",98,"Panaque_cochliodon","CCCCTTCCTATTATAACTAACTAAATATAACTAATTACACATATTAAACTACGGGGAGGCAAGTCGTAA",0,210,0,0,0,0,0,0,0,262,0,0,0,0,0,0,0,0,0,0,7020,0,0,0
"NA",100,"Chordata",100,"Actinopteri",100,"Siluriformes",88,"Loricariidae",88,"Panaque",85,NA,85,"NA","CCCCTTCCTATTATAACTAACTAAATATAACTAATTACACATATTAAACTACGGGGAGGCAAATCGTAA",0,0,0,0,0,0,0,0,0,0,0,0,0,802,0,0,0,0,0,0,0,0,0,0
"NA",100,"Chordata",100,"Actinopteri",100,"Siluriformes",96,"Loricariidae",94,"Rineloricaria",50,NA,47,"Dasyloricaria_filamentosa/Rineloricaria_magdalenae","CCCCAACACACCAATTAATTATTTATAATATTAAAACAACAACACGGGGAGGCAAGTCGTAA",0,1975,0,0,1848,1919,0,0,0,61,0,583,0,530,0,449,180,0,547,1767,0,2869,0,0
"NA",100,"Chordata",100,"Actinopteri",100,"Siluriformes",100,"Loricariidae",100,"Spatuloricaria",100,"Spatuloricaria_sp._'Magdalena_2'",100,"Spatuloricaria_fimbriata/Spatuloricaria_gymnogaster/Spatuloricaria_sp._'Magdalena_2'","CCCCATAGTAATCAACAACCATACATAATACTTATAAACACACACGGGGAGGCAAGTCGTAA",0,225,3143,3438,0,1012,1,0,6089,551,864,0,0,505,0,29,3762,0,0,2,1472,0,0,0
"NA",100,"Chordata",100,"Actinopteri",100,"Siluriformes",92.3333333333333,"Loricariidae",92.3333333333333,"Spatuloricaria",92,NA,89,"NA-NA-NA","ACCCATAGTAATCAACAACCATACATAATACTTATAAACACACACGGGGAGGCAAGTCGTAA-CCCCATAGTAATCAACAACCATACATAATACTTATAGACACACACGGGGAGGCAAGTCGTAA-ACCCGTAGTAATCAACAACCATACATAATACTTATAAACACACACGGGGAGGCAAGTCGTAA",0,0,0,2514,0,0,0,0,0,264,0,0,0,0,0,0,0,0,0,0,0,0,0,0
"NA",100,"Chordata",100,"Actinopteri",100,"Siluriformes",95.3333333333333,"Loricariidae",94.3333333333333,"Sturisomatichthys",94,NA,44.3333333333333,"Sturisomatichthys_aureus/Sturisomatichthys_leightoni/Sturisomatichthys_panamensis-NA-NA","CCCCTTCCTACCATAATCAACTAAATATACCTAATTATTAAAACAAAACCACGGGGAGGCAAGTCGTAA-ACCCTTCCTACCATAATCAACTAAATATACCTAATTATTAAAACAAAACCACGGGGAGGCAAGTCGTAA-CCCCTTCCTACCATAATCAACTAAATATACCTAATTATTAAAACGAAACCACGGGGAGGCAAGTCGTAA",0,80,1215,2537,0,0,0,0,0,59,0,0,5885,0,0,0,1133,0,0,0,499,0,0,0
"NA",100,"Chordata",100,"Actinopteri",100,"Siluriformes",76,"Loricariidae",65,NA,38,NA,37,"NA-NA","CCCCAACACACCAATTAATTATTTATAATATTATAACAACAACACGGGGAGGCAAGTCGTAA-CCCCAACACGCCAATTAATTATTTATAATATTAAAACAACAACACGGGGAGGCAAGTCGTAA",0,512,0,0,0,0,0,0,0,0,0,0,0,322,0,0,0,0,0,177,0,0,0,0
"NA",100,"Chordata",100,"Actinopteri",100,"Siluriformes",99,"Pimelodidae",99,"Pimelodus",98,"Pimelodus_grosskopfii",98,"Pimelodus_grosskopfii","CCCCTATCAATACAAATATAATAACAATTACTAATAACTCAACCTCTAACACGGGGAGGCAAGTCGTAA",2,1447,3359,3519,4091,5768,2,0,3848,2567,2299,2401,1589,5683,0,2848,2352,0,2843,3658,12056,14430,466,6
"NA",100,"Chordata",100,"Actinopteri",100,"Siluriformes",96,"Pimelodidae",96,"Pimelodus",95,"Pimelodus_yuma",87,"Pimelodus_yuma","CCCCTCCTAACACAAACCCAACAAACAATTACTAATAACTCAACATTAACCACGGGGAGGCAAGTCGTAA",1634,8627,20275,12499,9097,21969,54,0,5366,11011,6122,1630,9336,8614,8,12865,16191,1,6557,10710,3547,39266,58416,0
"NA",100,"Chordata",100,"Actinopteri",100,"Siluriformes",74.9090909090909,"Pimelodidae",72.8181818181818,"Pimelodus",70.6363636363636,NA,53.0909090909091,"NA-NA-NA-NA-NA-NA-NA-NA-NA-NA-NA","CCCCTCTTAACACAAACCCAACAAACAATTACTGATAACTCGACATTAACCACGGGGAGGCAAGTCGTAA-CCCCTATCAATACAAATATAATAACAATTACTAATAACTTAACCTCTAACACGGGGAGGCAAGTCGTAA-CCCCTCCTAACACAAACCCAACAAACAATTACTAATAACTCAACATTAGCCACGGGGAGGCAAGTCGTAA-CCCCTCTTAACACAAACCCAACAAACAATTACTAATAACTCAACATTAACCACGGGGGGGCAAGTCGTAA-CTCCTCCTAACACAAACCAACAAACAATTACTAATAACTCAACATTAACCACGGGGAGGCAAGTCGTAA-CCCCTCTTAACACAAACCCAACAAACAATTACTAATAACTCAACATTAACCACGGGGAGGCAAGTCGCAA-CCCCTATCAATACAAATATAATGACAATTACTAATAACTCAACCTCTAACACGGGGAGGCAAGTCGTAA-CCCCTCTTAACACAAACCCAACAAACAGTTACTAATAACTCAACATTAACCACGGGGAGGCAAGTCGTAA-CCCCTCCTAACACAAACCAAACAAACAATTACTAATAACTCAACATTAACCACGGGGAGGCAAGTCGTAA-CCCCTCTTAACACAAACCCAACAAACAATTACTAATAACTCAACATTAACCACGGGAAGGCAAGTCGTAA-CCCCTCTTAACACAAACCCAACAAACAATTACTGATAACTCGACATTAACCACGGGGAGGCGAGTCGTAA",0,365,3242,1015,123,0,101,0,0,1509,333,0,201,1478,0,0,959,0,2188,1668,1274,9027,0,0
"NA",100,"Chordata",100,"Actinopteri",100,"Siluriformes",100,"Pimelodidae",100,"Pseudoplatystoma",99,"Pseudoplatystoma_magdaleniatum",99,"Pseudoplatystoma_magdaleniatum","CCCCCATATATTAAAATTCTAACAAACAATTACTAATACCTTAACCCTCAACACGGGGAGGCAAGTCGTAA",27206,4806,4966,6244,2798,5500,65,1,19679,6985,5007,474,13783,6715,2,4955,9217,3,5843,11976,14491,15702,31876,1
"NA",100,"Chordata",100,"Actinopteri",100,"Siluriformes",93.2857142857143,"Pimelodidae",92.8571428571429,"Pseudoplatystoma",88,NA,87.5714285714286,"NA-NA-NA-NA-NA-NA-NA","CCCCCATATATTAAAATTCTAACAAACAATTACTAATACCTTAACCTTCAACACGGGGAGGCAAGTCGTAA-CCCCCATATATTAAAATTCTAACAAACAATTACTAATACCTTAACCCTCAACACGGGGAAACAAGTCGTAA-CCCCCATATATTAAAATTCTAACAAACAATTACTAATACATTAACCCTCAACACGGGGAGGCAAGTCGTAA-CCCCCATATATTAAAATTCTAACAAACAATTACTAATACCTCAACCCTCAACACGGGGAGGCAAGTCGTAA-CCCCCATATATTAAAATTCTAACAAACAATTAATAATACCTTAACCCTCAACACGGGGAGGCAAGTCGTAA-CCCCATATATTAAAATTCTAACAGACAATTACTAATACCTTAACCCTCAACACGGGGAGGCAAGTCGTAA-CCCCCATATATTAAAATTCTAACAAACAATTACTAATACCTTAACCCTCAACACGGGGGGGCAAGTCGTAA",0,231,0,0,403,0,347,0,719,299,0,378,3794,80,0,369,1780,0,173,182,941,0,0,0
"NA",100,"Chordata",100,"Actinopteri",100,"Siluriformes",100,"Pimelodidae",100,"Rhamdia",100,"Rhamdia_guatemalensis",100,"Rhamdia_guatemalensis","CCCCTACTAACATAAAACCCATATATTAATAATTTAACCAAAAACACGGGGAGGCAAGTCGTAA",1,22616,2716,1096,814,2591,0,0,2,800,42,313,1,2279,0,1477,815,0,3641,4205,6230,20029,153,0
"NA",100,"Chordata",100,"Actinopteri",100,"Siluriformes",77,"Pimelodidae",77,"Rhamdia",72,NA,72,"NA","CCCCTACTAACATAAAGCCCATATATTAATAATTTAACCAAAAACACGGGGAGGCAAGTCGTAA",0,0,0,1191,0,0,0,0,0,0,0,0,0,0,0,0,0,0,0,0,0,0,0,0
"NA",100,"Chordata",100,"Actinopteri",100,"Siluriformes",99.5,"Pimelodidae",99.5,"Sorubim",97,"Sorubim_cuspicaudus",97,"Sorubim_cuspicaudus-Sorubim_cuspicaudus","CCCCACATCCCCAAACTCCAACAAAAAATTACTAATACATCAAACTTCAACACGGGGAGGCAAGTCGTAA-CCCCACATCCCCAAACTCCAACAAACAATTACTAATACATCAAACTTCAACACGGGGAGGCAAGTCGTAA",0,4443,25378,0,2593,1058,1,0,1,3995,2565,516,1131,3337,0,2347,2465,1,3638,10052,1985,3530,36654,0
"NA",100,"Chordata",100,"Actinopteri",99.8,"Siluriformes",89,"Pimelodidae",88.8,"Sorubim",85.4,NA,85.2,"NA-NA-NA-NA-NA","CCCCACATCCCCAAACTCCAACAAAAATTACTAATACATCAAACTTCAACACGGGGAGGCAAGTCGTAA-CCCCACATCCCCAAACTCCAACAAAAAGTTACTAATACATCAAACTTCAACACGGGGAGGCAAGTCGTAA-CCCCACATCCCCAAACTCCAACAAAAAATTACTAATACATCAAACTTCAACACGGGGAGGCAAATCGTAA-CCCCACATCCCCAAACTCCAACAAAAGATTACTAATACATCAAACTTCAACACGGGGAGGCAAGTCGTAA-CCCCACATCCCCAAACTCCAACAAAAAATTACTAATACATCAAACTTCAACACTGGGAGGCAAGTCGTAA",0,0,1547,3775,0,134,0,0,0,0,0,0,0,0,0,51,0,0,0,782,0,0,0,0
"NA",100,"Chordata",100,"Actinopteri",100,"Siluriformes",56,"Pimelodidae",52,NA,43,NA,27,"NA","CCCCTCTTAACACAAACCCAACAAACAATTACTGATAACTCGACATTAACCACGGGGAGGCATGTCGTAA",0,0,0,0,0,0,0,0,0,0,0,0,0,32,0,0,0,0,0,0,0,0,0,0
"NA",100,"Chordata",100,"Actinopteri",99,"Siluriformes",68.5,"Pseudopimelodidae",63,"Pseudopimelodus",62.5,NA,42,"NA-NA","CCCCTACTCCACATTACCTAACCAAACATTTCCTAAAAACATAACTTACAGCACGGGGAGGCAAGTCGTAA-CCCCTGCTCCAAATAACCTTAACCAAACATTTCATAAAAACATAACTTACAGCACGGGGAGGCAAGTCGTAA",0,30,0,814,0,0,0,0,0,848,0,0,0,0,0,0,0,0,0,0,485,1870,0,53
"NA",100,"Chordata",100,"Actinopteri",100,"Siluriformes",75,"Trichomycteridae",66,"Trichomycterus",66,NA,31,"NA","CCCCTCCTACTTAACCACAAATATCATTCCTAATAACAAACACTAAAACACGGGGAGGCAAGTCGTAA",0,0,0,0,0,0,19,0,0,0,0,0,0,0,0,0,0,0,0,0,0,0,0,0
"NA",100,"Chordata",100,"Actinopteri",100,"Siluriformes",56,NA,49,NA,49,NA,19,"NA","CTCCTACAGTACTTAAATACGTAGCTAACAAACTAATAACGCACACGGAGAGGCAAGTCGTAA",0,0,0,0,0,0,0,0,0,0,470,0,0,0,0,0,0,0,0,0,0,0,0,0
"NA",100,"Chordata",100,"Actinopteri",100,"Synbranchiformes",99,"Synbranchidae",99,"Synbranchus",99,"Synbranchus_marmoratus",99,"Synbranchus_marmoratus","CCCCAAACAATTTCAACCTATATAATAATAAACTATCAACCTCAAGAGGGGGGACAAGTCGTAA",0,171,13542,16162,2871,1187,0,0,0,4476,187,1153,2098,18527,0,8796,7781,0,10577,0,1916,11679,0,0
"NA",100,"Chordata",100,"Actinopteri",100,"Synbranchiformes",87,"Synbranchidae",87,"Synbranchus",86.8571428571429,NA,86.8571428571429,"NA-NA-NA-NA-NA-NA-NA","CCCCAAACAATTTCAACCTATATAATAATAAACTATCAACCTCAGGAGGGGGGACAAGTCGTAA-CCCCAAACAATTCCAACCTATATAATAATAAACTATCAACCTCAAGAGGGGGGACAAGTCGTAA-CCCCAAACAATTTCAACCCATATAATAATAAACTATCAACCTCAAGAGGGGGGACAAGTCGTAA-CCCCAAACAATTTCAACCTATATAATAATAAACTACCAACCTCAAGAGGGGGGACAAGTCGTAA-CCCCAAACAATTTCAACCTATATAATAATAAACCATCAACCTCAAGAGGGGGGACAAGTCGTAA-CCCCAAACAATTTCAACCTATATAATAATAAACTATCAACCTCAAGAGGGGGGACAAGTCATAA-CCCCAAACAATTTCAACCTATATAATAATAGACTATCAACCTCAAGAGGGGGGACAAGTCGTAA",0,0,0,0,230,0,0,0,0,903,0,0,102,625,0,186,0,0,0,0,867,617,0,0
"NA",100,"Chordata",100,"Actinopteri",99.6153846153846,"Syngnathiformes",55.6153846153846,"Callionymidae",55.6153846153846,"Callionymus",55.6153846153846,NA,55.6153846153846,"NA-NA-NA-NA-NA-NA-NA-NA-NA-NA-NA-NA-NA","CCCTATTTCAACTAATACTAAGTATATAACCAAAAAATTCAAAACACAGGGAGGCAAGTCGTAA-CCCCAACAAACCTAAACTTAGTAATTAACCAAAAATTAACACAAACGGGGAGGTAAGTCGTAA-CTTCAACACTTTATTTTAGTACTTAACCCTATTTTAGTATAATAGAAGAGGCAAGTCGTAA-CCCCATTTTATCTGTAAAATCAATTAAATAAAAAATGACCTAAAAAGCGGGGAGGCAAGTCGTAA-CCCCATCTATTAACCTTTTAGATATATAACCAAATAATATTAACATCGGGGAGGCAAGTCGTAA-CCCCTCTTACAACAACAAAAAGCTATATAACACAACCCCCAACACCAAGGGGAGGCAAGTCGTAA-CCCCTCTTACAACAACAAAAAGCTATATAACACAACCTCAAACACCAAGGGGAGGCAAGTCGTAA-CCCCAACAAACCTAAACTTAGTAACTAACCAAAAATTAACACAAACGGGGAGGTAAGTCGTAA-CCCTATTTCAACTAGTACTAAGTATATAACCAAAAAATTCAAAACACAGGGAGGCAAGTCGTAA-CCCCAACAAACCTAAACTTAGTAATTAACCAAAAATTAACACAGACGGGGAGGTAAGTCGTAA-CCTCAAACATCACACAAAAGTATTTTAGTAACTAAATCACTACATATTGGTATAGAGGGGATAAGTCGTAA-ACGAAAGTTGTTTGTACCAGAAGACGCCGATTCAACCCGCAAGGGAGATAGGTGGCCAAGGTATGAACGATGATTGGAGCGAAGTCGTAA-ACGAAAGTTTTTTGTACCAGAAGACGCCGATTCAACCAGCAATGGAGATAGGTGGCCAAGGTATGAACAATGATTGGAGCGAAGTCGTAA",11258,3329,6611,534,8436,203,40476,0,29013,2664,5503,1643,130,15511,42645,17261,3415,1,2528,7154,16472,3461,2,0
"NA",100,"Chordata",100,"Actinopteri",100,"Syngnathiformes",50,NA,49,NA,49,NA,49,"NA","CCCCATCTATTAACCTTTTAGGTATATAACCAAATAATATTAACATCGGGGAGGCAAGTCGTAA",0,0,0,0,0,0,0,0,0,475,0,0,0,0,0,0,0,0,0,0,0,0,0,0
"NA",100,"Chordata",100,"Actinopteri",100,"Uranoscopiformes",99,"Ammodytidae",99,"Ammodytes",99,NA,99,"Ammodytes_americanus/Ammodytes_dubius/Ammodytes_hexapterus/Ammodytes_japonicus/Ammodytes_marinus/Ammodytes_personatus/Ammodytes_tobianus/Hyperoplus_immaculatus/Hyperoplus_lanceolatus","CCCCAAACCCAGAACCTTAAGTAAATAAATCATTATCACCAAGAAGGGGAGGCAAGTCGTAA",0,0,0,0,0,0,0,0,0,0,0,0,0,0,0,0,0,0,0,0,0,0,1,0
"NA",100,"Chordata",100,"Actinopteri",99.4240837696335,NA,31.2774869109948,NA,30.9476439790576,NA,30.6596858638743,NA,30.4450261780105,"NA-NA-NA-NA-NA-NA-NA-NA-NA-NA-NA-NA-NA-NA-NA-NA-NA-NA-NA-NA-NA-NA-NA-NA-NA-NA-NA-NA-NA-NA-NA-NA-NA-NA-NA-NA-NA-NA-NA-NA-NA-NA-NA-NA-NA-NA-NA-NA-NA-NA-NA-NA-NA-NA-NA-NA-NA-NA-NA-NA-NA-NA-NA-NA-NA-NA-NA-NA-NA-NA-NA-NA-NA-NA-NA-NA-NA-NA-NA-NA-NA-NA-NA-NA-NA-NA-NA-NA-NA-NA-NA-NA-NA-NA-NA-NA-NA-NA-NA-NA-NA-NA-NA-NA-NA-NA-NA-NA-NA-NA-NA-NA-NA-NA-NA-NA-NA-NA-NA-NA-NA-NA-NA-NA-NA-NA-NA-NA-NA-NA-NA-NA-NA-NA-NA-NA-NA-NA-NA-NA-NA-NA-NA-NA-NA-NA-NA-NA-NA-NA-NA-NA-NA-NA-NA-NA-NA-NA-NA-NA-NA-NA-NA-NA-NA-NA-NA-NA-NA-NA-NA-NA-NA-NA-NA-NA-NA-NA-NA-NA-NA-NA-NA-NA-NA-NA-NA-NA-NA-NA-NA","CCTCAAGTATACTTCAAAGGACATTTAACTAAAACCCCTACGCATTTATATAGAGGAGACAAGTCGTAA-CCCCTCTTACAACAACAAAAAGCTATATAACACAACCTCCAACACCAAGGGGAGGCAAGTCGTAA-CCCCATCACCCAACATATTTAAGTAGATAACTAAAAACATAACAAAGCGGGGAGGCAAGTCGTAA-CCCCACCACGCACTGACCTAGTAAATAACCAATTATTATAAACAGCGGGGAGGCAAGTCGTAA-CCCCCCCGCACATGCCCCAAAAATTCCTAATAACACACCAGTCAATCACGGGGAGGCAAGTCGTAA-CTCCTACAGTACTTAAATACGTAACTAACAAACTAATAACGCACACGGGGAGGCAAGTCGTAA-CCCCATCACCCAACATATTTAAGTAGATAACTAAAAACATAATAAAGCGGGGAGGCAAGTCGTAA-CCCCATTTTTACCTAAGACACGTAATTAACCAAACAATTATAATAAGCGGGGAGGCAAGTCGTAA-CCCCGATAATTTAAAATTATTAGTACTTTAACCCGAGAAGCCAAAAAGGGGAGGCAAGTCGTAA-CCCCACATAATCACTTATTAACAAATTCTTAATGCCACAGCTATACACATCGGGGAGGCAAGTCGTAA-CCCCTCATACAAATAACAATTTAACATCACTAATAACACAAACACCAACACGGGGAGGCAAGTCGTAA-CCCCCCCCGCACATGCCCCAAAAATTCCTAATAACACACCAGTCAATCACGGGGAGGCAAGTCGTAA-CCCCTATCACTATCAACTAATTATACCTAATACTTAAACATAAGCACGGGGAGGCAAGTCGTAA-CCCCATCACCCAACCCACACAGTAAATAACCAAAAATACACCACAGCGGGGAGGCAAGTCGTAA-CCCCATCACCCAACATATTTAAGTAAATAACTAAAAACATAACAAAGCGGGGAGGCAAGTCGTAA-CTGAGAGTTCAATGGGCCTTAAGTCTATGGGTAACTGGCTTCCGCTGGATTCCTATAGCCCACGGTTCGCAGAGCAATTGGATAGAAGTCGTAA-CCCCACATAATCACTTATTAACAAATTCTTAATGCCACAGCTATATACATCGGGGAGGCAAGTCGTAA-CCCCCACTATATAAATTTAATTAATAAATAATACCGTAACCCTAGACTACGGGGAGGCAAGTCGTAA-CCCCTTTTCATTATAACAAACTAAACATAACTAATTATACACATTAAACTGCGGGGAGGCAAGTCGTAA-CCCTATCAATTATTAATTAAAGTAAATAACCAAACAAAATCAAAAGCGGGGAGGCAAGTCGTAA-CCCCATCACCCAACATATTTAAGTATATAACTAAAAACATAACAAAGCGGGGAGGCAAGTCGTAA-CCGAGAATTGGGTTTGGCTTGAAGTTTGTTAACAAACGTAATTAAATTTTTAGTTATGTTGATGTGATAAACGAAAGTAGGATTGGTAATTGGGGAGAAGTCGTAA-CCTCAAGTATACTTCAAAGGACACTTAACTAAAACCCCTACGCATTTATATAGAGGAGATAAGTCGTAA-CCCCATCTAACCTAAAACATGTAATTAACCAAACTTATATAACAAGCGGGGAGGCAAGTCGTAA-CCCCACAATACATAAACCTCATATATAATAACATAAAAAAACCACGGGGAGGCAAGTCGTAA-CCGAGAATTGGGTTTGGCTTGAAGTTTGTTAACAAAATTAATTAATTATTTAGTTAATTTTTCATGGCATACGAAAGTAGGATTGGTAATTGGGGAGAAGTCGTAA-CCCCATCACCCAACATATTTAAGTAAATAACTAAAAACATAATAAAGCGGGGAGGCAAGTCGTAA-CCCCACAATACATAAATCTCATATATAATAACATAAAAAAACCACGGGGAGGCAAGTCGTAA-CCCCACATAATTATTAATTAACTATTTCTTAATACCACAATCACCAACATCGGGGAGGCAAGTCGTAA-CCTCATCATATCTATTCGACCAAGTAAATAACCAGATACTTTCCATAGTCGAGGAGGCAAGTCGTAA-CCTCAAGTATACTTCAAAGGACACTTAACTAAAACCCCTACGCATTTATATAGAGGAGACAAGTCGTAA-CCTCATCATATTTATTCGACCAAGTAAATAACCAGATACTTTCCATAGTCGAGGAGGCAAGTCGTAA-CCCCTCTTACAACAACAAAAAGCTATATAACATAACCTCCAACACCAAGGGGAGGCAAGTCGTAA-AGTATGCCCCATTCATGGCACCCTGACCCTTGAGGGCGACAACGAGGCATGGCTGAAGGAGCGGAAGGCTGAATGGGAAAAGCGG-CCCCTTCCCACTACAACCAACCAAACATAACTAATTATATATATTAAACTACGGGGAGGCAAGTCGTAA-CCTCAAGTATACTTCAAAGGACATTTAACTAAAACCCCTACGCATTTATATAGAGGAGACAAGCCGTAA-CCCCCCTATTAATACTAAAGTAAATAACCAAACACTCAACACGCACGGGGAGGCAAGTCGTAA-CGAAATCTCCCTGCGGCCCTCCGGCGGCTTTTTCAGCTTCCCCGGTTCGCTTATGGGCTCACTCGCCTATGTCCATCAGGTCTTCCTCGACACCG-CCCCGATAATTTAAAATTATTAGTACTTTAACCCGAGGAGCCAAAAAGGGGAGGCAAGTCGTAA-ATGGGAGTGGGTTTCACCTGAAGTCGCTGGGAGCCACAGGCAGGCGCCGAGGGTGGGGCTCATGACTGGGGCGAAGTCGTAA-TGCCGCTGTCAAGACTCGTTCCCGTCGAAAAAACGATTGATTGAGAATTGACAAGAGAATTTGTATGAAGATCTTGCAACGAGGAGGTTACCACTA-CCTCAAGTATACTTCAAAGGATATTTAACTAAAACCCCTACGCATTTATATAGAGGAGACAAGTCGTAA-CCCCCCCGCACATACCCCAAAAATTCCTAATAACACACCAGTCAATCACGGGGAGGCAAGTCGTAA-CCCCACCACGCACCGACCTAGTAAATAACCAATTATTATAAACAGCGGGGAGGCAAGTCGTAA-CCCCAACAAACCTAAACTTAGTAATTAACCAAAAATTAATACAAACGGGGAGGTAAGTCGTAA-CCGAGAGTTAGGTTTGGCTTTAAGTTTAGTGGTTCCTGTTTTAATTATTTCAAATAATTAAAACAATAATACTTGCGAGAGTAGAATTGGCAATTGGGGAGAAGTCGTAA-GCGGATAAGGTTCAGGCACGGCACCGGCAGCGAGTATGGCGAAGGAACCGCGGCGCGCCTTGTTTTTGACCG-CCCCTCCTGCCAACTAAATGCCATTCCTAATAACAAATACTAAAACACGGGGAGGCAAGTCGTAA-CCCCACCACGCACTGACCTAGTAAATAGCCAATTATTATAAACAGCGGGGAGGCAAGTCGTAA-CCTCAAGTATACTTCAAAGGACATTTAACTAAAACCCCTGCGCATTTATATAGAGGAGATAAGTCGTAA-CCCCATCACCCAACACATTTAAGTAGATAACTAAAAACATAACAAAGCGGGGAGGCAAGTCGTAA-CCCTATTCAACTACCAATAAATTATCTAAACACAGACTAATGATTCAGGGAGGAAAGTCGTAA-CATCATTATACCAAAAACTTAATTAAACACGACATAATACAAGATGGGGTAAGTCGTAA-CCTCACAAGCCAGCAGACCATATAACTAATACAACCTACGAGCTAAAGATGAGGTAAGTCGTAA-CCTCAAGTATACTTCAAAGGACATTTAACTAAAACCCCTACTCATTTATATAGAGGAGACAAGTCGTAA-CCCCATCACCCAATCCACACAGTAAATAACCAAAAATACACCACAGCGGGGAGGCAAGTCGTAA-CCCCATCACCCAACATATTTAAGTAGATAGCTAAAAACATAATAAAGCGGGGAGGCAAGTCGTAA-CCCCATCACCCAACATATTTAGGTAGATAACTAAAAACATAACAAAGCGGGGAGGCAAGTCGTAA-CCCCATCACCCAGCATATTTAAGTAGATAACTAAAAACATAACAAAGCGGGGAGGCAAGTCGTAA-CCCCTCTTACAACAACAAAAAGCTATATAACACAACCTCCGACACCAAGGGGAGGCAAGTCGTAA-CCCCATCACCCAACATATTTAAGTAGATAACTAAAAACATAACAAAGCGGGGAGGCAAGCCGTAA-CTTCACAAGCCATCAACATCAATAAATATATACTTCCCCTCCCGGCTAAAGACGAGGCAAGTCGTAA-CCGAGAATTGGGTTTGGCTTGAAGTTTGTTAACAAAATTAATTAATTACTTAGTTAATTTTTCATGGCATACGAAAGTAGGATTGGTAATTGGGGAGAAGTCGTAA-CCCCACCACGCACTGACCTAGTAAGTAACCAATTATTATAAACAGCGGGGAGGCAAGTCGTAA-CCCCTCTTACTACAACAAAAAGCTATATAACACAACCTCCAACACCAAGGGGAGGCAAGTCGTAA-CCGAGAGTTAGGTTTGGCTTTAAGTTTAGTGGTCCTGTTTTACATATCAAGTTATATGTAGGGCAACAATACTTGCGAAAGTAGAATTGGCAATTGGGGAGAAGTCGTAA-CCCCATCACCCAACATATTTAAGTAGATAACTAAAAACATAATAAAGCGGGGAGGCAGGTCGTAA-CCGAGAGTTAGGTTTGGCTTTAAGTTTAGTGGTTCCTGTTTTAGTTATTTTGTGGTAACTAAAACAATAATACTTGCGAGAGTAGAATTGGCAATTGGGGAGAAGTCGTAA-CCCCAACAAACCTAAACTTAGTAATTAACCAAAAATTAACACAAACAGGGAGGTAAGTCGTAA-CCCCATCACCCAACATATTTAAGTAGATAACTAAAAACATAACAAAGCGGGGAGGCAGGTCGTAA-CCGAGAATTGGTTTGGCTTTAAGTTTGGTGGGCCTGAATAAAAAAAATAATTTTTTTTATTCATTTAATACTTACGAAAGTAGAATCGGTGATTGGGGAGAAGTCGTAA-CCTCAAGTATACTTCAAAGGACATTTAACTACAACCCCTACGCATTTATATAGAGGAGACAAGTCGTAA-CCGAGAATTGGTTTGGCTTTAAGTTTGGTGGGCCTGATTAAAGAAATTTATTTTTTTTTATTCATATATACTTACGAAAGTAGGATCGGTGATTGGGGAGAAGTCGTAA-CCGAGAGTTAGGTTTGGCTTTAAGTTTAGTGGATCCTGATAATTTTATTTATTTAAAATTATCAACAATACTTGCGAGAGTAGGATTGGCAATTGGGGAGAAGTCGTAA-CCGAGAATTGGGTTTGGCTTGAAGTTTGTTAACAAAATTAACTAATTATTTTAGTTAATTTTTCGTGGCATACGAAAGTAGGATTGGTAATTGGGGAGAAGTCGTAA-CCGAGAGTTAGGTTTGGCTTTAAGTTTAGTGGTTCCTGTTAAAGTTATTTAATAATAATTTTAACAAAAATACTTGCGAGAGTAGAATTGGCAATTGGGGAGAAGTCGTAA-CCCCACCACGCACTGACATAGTAAATAACCAATTATTATAAACAGCGGGGAGGCAAGTCGTAA-GCGCCATCACTTCAACAGTGTGCTTCCAGCGCTTGTAGTGAGTAGGATCGAAAGTAGGCAGTTTTAGCTTGTGCGGGGGCATGTCGTC-CTGAGAATTGGGTTTGGCTTGAAGTTTGTTAACAAACGTAATTAAATTTTTAGTTATGTTGATGCGATAAACGAAAGTAGGATTGGTAATTGGGGAGAAGTCGTAA-CCTCAAATCAATTACTTCTATAACTAATAATATAATTTAATCAAAGAGGAGAAAAGTCGTAA-CCCCATCACCCAACATATTTAAGTAGATAACTAAAAACATAACAAAGCAGGGAGGCAAGTCGTAA-CCCCACCACGCACTGACCTAGTAAATAACCAATTATTATAAACAGCGGGGAGGCAAGTCGTAG-CCCCAAACCAACTAACCTTGGATTCATAATACATCTGCCCGGTGAAGGGGAGGCAAGTCGTAA-ACCCAAGTATACTTCAAAGGACATTTAACTAAAACCCCTACGCATTTATATAGAGGAGACAAGTCGTAA-CCGAGAGTTAGGTTTGGCTTTAAGTTTAGTGGTCCTGGTTGTTTTATCGCGTGTAAAACAACCAATAATACTTGCGAAAGTAGAATTGGCGATTGGGGAGAAGTCGTAA-CCGAGAATTGGTTTGGCTTTAAGTTTGGTGGGCCTGAATAAAAAAATTATTTTTTTTTATTCATCTATACTTACGAAAGTAGAATCGGTGATTGGGGAGAAGTCGTAA-TTTGTTGGGAGGAATCGGCTGCCTGAGTTACGAATTTGTCCTCGAGCAGCGGGAAAAACGCCGGGTGCGCGGAATGTTCTCGAC-CCTCAAGTATACTTCAAAGGACATTCAACTAAAACCCCTACGCATTTATATAGAGGAGACAAGTCGTAA-CCTCACAAGCGCCCCACACACCCAATACCTAATAAGTTATTCAGCCGAAGATGAGGTAAGTCGTAA-CCCCAACACCCAACATATTTAAGTAGGTAACTAAAAACATAACAAAGCGGGGAGGCAAGTCGTAA-GCCATCCGGGCACATGCGCGAACTCGGCCCACGCCCCCGCTCCCAGCGCGCCAACCCGCACTCGACCCGACGTCGTCATCGCATCAC-CTTCAAAGCTAACTGCCAGTAATTAACCCCACTAAGCAACACAGAAGAGGCAAGTCGTAA-CCCCAACACACCAACTAACTATTTCTAATATTAAAACAATAACACGGGGAGGCAAGTCGTAA-CTCCTACAGTACTTAAATATGTAACTAACAAACTAATAACGCACACGGGGAGGCAAGTCGTAA-CCAGGCGCTTCACCATCGCGGACAATTCGTCGATGTTCGTCACCGACGCGGGAGGGATCGACACGGGTCACGTCGTTGGTGCTGGGTGTCGGGGACGTACGCACGGTGCGAGGCTGTCGC-CCGAGAGTTAGGTTTGGCTTTAAGTTTAGTGGTTTCTGTTTTAGTTATTTTGTGGTAACTAAAACAATAATACTTGCGAGAGTAGAATTGGCAATTGGGGAGAAGTCGTAA-CCCTATTTCAACTAATACTAAGTATATAACCAGAAAATTCAAAACACAGGGAGGCAAGTCGTAA-CCTCAAGTATACTTCAAAGGACATTTAACTAAAACCCCTACGCATTTATATAGAGGAGACATGTCGTAA-CCCCTCCTAACACAAACCCAACAAACAATTGCTAATAACTCAGCATTAACCACGGGGAGGCAAGTCGTAA-CCCCATCACCGAACATATTTAAGTAGATAACTAAAAACATAACAAAGCGGGGAGGCAAGTCGTAA-CCCCTCATACAAATAACAATTTAACATCACTAATAACACAAACACCAACACGGGGAGGCAAGCCGTAG-GAAAAGCCGTCTGATCGACCTGTACAACTGCTATACGGCCGGGTTTTCGAAATTCACCCTCATCCCG-GGCATCCCGCACCCAGAAGGCCGCCGAACCCACAGCCGCGCCGATCAGGATGATGAGTCCGCC-CCCCATCACCCAACATATTTAAGTAGATAACTAAAAACATAACAAAGCGAGGAGGCAAGTCGTAA-TTTGACAGCCGCCGCACGCTTACATTGATATCAGTGGTATCGAGCACGCGCAAAGGCCTGAAGCGGGAAGCGCGCTTGGCAAAATCGTGATCTTCTGC-CCCCAACACACCAACGAACTATTTCTAATATTAAAACAATAACACGGGGAGGCAAGTCGTAA-CCTCAAAATCCCCAAGCACCAGTAAATAACAAGCATATTAAACCCAAGATGAGGTAAGTCGTAA-CCCCATTTTATATTTTAATCACATAAATAAAAAAATAACCCGAAGAGCGGGGAGGCAAGTCGTAA-CCTCAAGTATACTTCAAAGGACATTTAACTAAAACCCCTACGCATTTATATAGAGCAGACAAGTCGTAA-GGTATGGACGATCTGGAATCCCACCTCAACGGGTGCTTCGTCCGTGAGCGGGATCATCCCCTTGTCGGGTAC-ATGGGAGTAGGATGCAGCTAAAATTATCGGGAGCCGTGAGGCAGGTACCTAGGCTGTGTTTTATGACTGGGGTGAAGTCGTAA-CTTCACAAGCCATCAACATCAATAAATATATACTTCTCCTCCCGGCTAAAGACGAGGCAAGTCGTAA-CCTCAAGTATACTTCAAAGGACATTTAACTAAAACCCCTACGCATTTATATAGAGGAGACAGGTCGTAA-CCTCAAATATCCCTCTAGAAATCACTATTACTAATAATTTTCTATGCATGTATAAAGGAGATAAGTCATAA-CATCGACATATACCAATAACCATAAATAAACTATAACAAATAAAACAGATGAGGCAAGTCGTAA-TTTGCTGGGAGGAATCGGCTGCCTGAGTTACGAATTTGTCCTCGAGCAGCGGGAAAAACGCCGGGTGCGCGGAATGTTCTCCAC-TGGGAGCTGGTAACACCTGAAGCCGGTAGCTTAACCGCAAGGAGGGCGCCGTCGAAGGTGGGGCTGGTGACTGGGACGAAGTCGTAA-CCCCAAGAAACAATAATTATATACCTAATAAAATAATAACAAACACGGGGAGGCAAGTCGTAA-CAGGCACAGCCACTCACGGGCATCGGCAAAGGAGCCGGCATAGTAGTCATCCAGCCGGGCCTCCACGCG-CCTCAAAAGCTCTAAATCTCTATAAATTAATAAGCCCATCAGCTGAAGATGAGGTAAGTCGTAA-CCCCTCTTACAACAACAAAAAGCTATATAACACAACCTCCAACACCAAGGGGAGACAAGTCGTGA-CCCCACCACGCACTGACCTAGTAAATAACCAATTATTATAAACAGCGTGGAGGCAAGTCGTAA-GCTGCCGCACCTGGATCATTTCTGCCGGTGATTCACGGCCGCCGGTCACCGACAATAACCGGTGGCTGCCGAGCGCCGCGGCCGCTGCCTGGTGCAGCGCAC-CTGTCGCTGCTATCGCAGGTGCCTTCTCTGCGTCCTGGCGCCCGGGCACTCACATTGCAGCAGCGATGG-GCAATGCGATAGGGTCCGCTGCCCACGAGATGGGCGATGCTGGTGTCGCCAGCCCATTCGGACTTCGGTCTCCGGGACCAGACATGCTTCGGCACCACCCGGA-CCTCTACCGCTGCAAAACAGTTTTTAACCAATCTTAGCCCCCCAGAGGAGGCAAGTCGTAA-CTTCAAAGCTTCTAACCTAGTCCCTAACAAATTTAAGCATCACAGAAGAGGCAAGTCGTAA-CCGAGAATTGGTTTGGCTTTAAGTTTGGTGGGCCTGAATAAAAAAAATTATTTTTTTTATTCATTTAATACTTACGAAAGTAGAATCGGTGATTGGGGAGAAGTCGTAA-CCCCTATCACTATCAACTAATTATACCTAATACTTACACATAAGCACGGGGAGGCAAGTCGTAA-CGGGTAGATGGCTGTGCTAGAAGATAGGAATGGAACCATTATGCAGGTTTAAAGTTTTCTTTAAAATAATAATGGAACGGATACTTTACGGTACGGTTGACGATCGGAGTGAAGTCGTAA-GGCCATACTTGTCATCAACACTCCGTCGACCTTCGAGAAGCTCTTTCTTCCCTACTTGTTCGCCAACTAT-CCTCACAAGCTCCAAACCACTAATAACTAATACAACCACTCGCTAAAGATGAGGTAAGTCGTAA-CCGAGAATTGGTTTGGCTTTAAGTTTGGTGGGCCTGAATAAAGAAAGTAATTTTTTTATTCATTTAATACTTACGAAAGTAGAATCGGTGATTGGGGAGAAGTCGTAA-CCCCCCCGCACATGCCCCAAAAATTCCTAATAACACACCAGGCAATCACGGGGAGGCAAGTCGTAA-TCGCCCGATCCCGATCACGTTCTTGGGTGTACGGATCCACTCATCACCCGC-CCGAGAATTAGGTTTGGCCCTAAGCTAAAAAGTTTGAATAATAATAGAATTTTATTTTTCAGTTCGTTAGCGAAGGTAGAGTTGGTAATTGGGGAGAAGTCGTAA-GCAGCGATACAGAATGAGCTGTACCGGCGGAAAGCGGGGCTACCTTGCCAGCGCCCGAGATGCTGCCGTTCGGTCCAGCGATGGCGGTAACGGTGTATTGCGCCCC-CCTCACAAGCTTCAACCTATAATAAATAATACACCTGCCCGCTAAAGATGAGGTAAGTCGTAA-CCTCACAAGCCAAATTCCCCGATAAATAATACTTTCGACAAGCTAAAGATGAGGTAAGTCGTAA-CCGAGAGTTAGGTTTGGCTTTAAGTTTAGTGGTCCTATTGATATTATCAAGTGTAATGTCAATAATAATACTTGCGAAAGTAGAATTGGCAATTGGGGAGAAGTCGTAA-TTTGTTGGGAGGAATCGGCTGCCTGAGCTACGAATTTGTCCTCGAGCAGCGGGAAAAACGCCGGGTGCGCGGAATGTTCTCCAC-GGCCAGTTCAGTGCCTAAAGCCGTATCACCGACAGCTTCACCAGTGTTATTGCTTCCAATGGCAATATACCG-CCGAGAGTTAGGTTTGGCTTTAAGTTTAGTGGATCCTGATAATTTTATTTATTTAAAATTATCAACAATACTTGCGAGAGTAGGATTGGCAATTGGGGGGAAGTCGTAA-CTTCAGAGCTTTAAACCTAGTTCTTAACATACTAAAGCATAGCAGAAGAGGCAAGTCGTAA-ATCACGGACGAATTTCGCCCAAGTCGACGCGATAATGCACTCTTACATATTGAGCCTGAGTTGTTTGCGGCACTCTGAGGGGC-AAATGTTGAGAGGTTGTATTTGTTGCATTTTTATAATATTTCACTCCATTCGATTGATGAGCCAGCACG-CTTCAAAGCCCAATCAAAGTACATAACTAAACTTCGCTATATAGAAGAGGCAAGTCGTAA-CCGAGAGTTAGGTTTGGCTTTAAGTTTAGTGGTTCCTGTTAAAGTTATTTAATAATAACTTTAACAAAAATACTTGCGAGAGTAGAATTGGCAATTGGGGAGAAGTCGTAA-CCCAATTCACTCCCATGTAGGCAATACGGTTTTCCGGATCAATATTGGTGACGGCCCAGGTGATGCCCCCCACACGGCTGTTTGAGGCATTGTTAGACAATACAAG-AGTATGCCCTCGCTGTGGACACACCCTGACCATTGAGTGCGACGACGAAGGGTGGATGAAGAAACAGACGGCGAAATGGGAAAAGCGG-CGCCCCGCCACTCTCGCCTTCTCGCCCGGCCACGAAGAGCCTGGCAAGGCCGTGAAGAGC-CCTCTGCGCCAAGGTTTTCAATATTGAGAGAGGCGTGTTCGAGTCCGATCGA-GACGTGACCATGACGATAGAATACGCAAGATTGCTGCGAGTTATCGGGTATCG-GCCTGCGTGACCTCCGTTTCGCCGATGTAAAAATTACGCAGCGTCACCTGATGCGTGGGTTTTTCGTCGGTACCGCAGTCAGACTGTTCGCTGGTGCAGCC-CTTCAAAGCTAACTTATAGTATTTAACCACATCTGCTACTCAGAAGAGGCAAGTCGTAA-CGACGCCGTAGGCGAACGTGCCGGAAGCGGCGATAACCGGCGTAGCGAGGCGCAGGCGGCCGCCGCACAGATCAACAGCCAGCCGCGCCGGGGGTTTGGTCAT-GCAATGCGATAGGGGCCGCTGCCCACAAGATGGGCGATGCTGGTGTCGCCAGCCCATTCGGACTTCGGTCTCTGGGACCAGACATGCTTCGGCACCACCCGCA-CATTCCAGCCTCCGCTACTGTTTCAATTGTGGATATTGTAAGCCCTGATAGCATGGCAGTCGACGGCGATGT-CTTCATAAGCTGCTAATCCCAATAATTAATACTACATCAAGCCAAAGATGAGGTAAGTCGTAA-CTTCAAGGCCTAATTAAAGTACATAACTAAGCTTTGCCACATAGAAGAGGCAAGTCGTAA-CGGGTAGATGGCTGTGCTAGAAGATAGGAAAGGAACCATTATGCAGGCTTAAAGTTTTCTTTAAGATAATAATGGAACGGATACTTGACGGTACGGTTGACGATCGGAGTGAAGTCGTAA-CCCTAACCCAACAAATTAAAGACTTCACATCTTTCTACGTAAGGGGAGGCAAGTGGGGCTTCAACGACACCGCCCGTCACTCTCCCCAAGCCAACTTTTAAAATATACATAATACATTTTTAGGAACTAAGGGGAGGCAAGTCGTAA-CCCTATCTCAACTAATACTAAGTATATAAACTATAACTGCAAAGGGGAGGCAAGTCGTAA-TCTATCATTGAGCCTGCTCGAGCGCTACGCCGCCTCTTTGCCGGGTGAGGGACGTAAAGCGCAGACCCGCTACCGGAAGGT-CCTCAAACATCATATAAAAGTAAACTAACAGTAAACTACTACATACTGATATAGAGGGGATAAGTCGTAA-CCGAGAATTGGGTTTGGCTTGAAGTTTATTTTACAAAACTTTATATTATTGTAATATTTGGTTTATGTGGGAAGACGAGGGTAGAATTGGTGATTGGGGAGAAGTCGTAA-CCTCAAGCCAACTTTTAAAATATACATAATTAATAAACTATAACTGCAAAGGGGAGGCAAGTCGTAA-CCGAGAATTGGGTTTGGTTTGAAGTTTGTTAACAAAATTAACTAATTATTTTAGTTAATTTTTCGTGGCATACGAAAGTAGGATTGGTAATTGGGGAGAAGTCGTAA-CGTCTTCGCCCGTTTCGTCCCAGGCGGTGCCGCCCAGAACCAGTAGTGGTTTCTCACTTCGGCGGCTTGTGCGTGCT-CCCTATTCAACTACCAATAAATTATCTAAACACAGACCAATGATTCAGGGAGGAAAGTCGTAA-GCACTATTATGTCAGACACGCTGAAAGCGCGGCTTTCGCCCGCGAGCTGGCGCAGTTTGAG-CAGACCGTCACGCAGACAAGCCGTATACGCCTCGGCGCCTCCGCGGCCACGGTTCCAGTCGGTCATGAGCAGAATGCGCATCGGTCAGCTCGTAA-CTTCGCAGCCACAAAACAGTTTTTAACAAAAATCGCACAGTAGAAGAGGTAAGTCGTAA-GCTGAACGTGTCCCATCGTGAGTGCCGCCACCTCAGACCGCCGCAGCCCGCAGCCAAGGAGCACAACAAAGCGGGGAGGCAAGTCGTAA-CCGCAAGCTTCGGCTTGTAATCAAACAGCTCCAGCTGGGACGGACCGCCCGC-CCCCGCATCCCCAAACTCCAACAAAAAATAACTAAAAACATAATAAAGCGGGGAGGCAAGTCGTAA-CCCCAAGCCAACTTTTAAAATATACATAATACAACCTCCAACACCAAGGGGAGGCAGGTCGTAA-ATGGGAGCTGGCCATGTCCGAAGTCCTTACCTTAACCGCAAGGAGGGGGATGCCGAAGGCAGGGCTAGTGACTGGAGTGAAGTCGTAA-CCGAGAGTTAGGTTTGGCTTTAAGTTTAGTGGTTCCTGTTTTAGTTATTTTGTGGTAACCAAAACAATAATACTTGCGAGAGTAGAATTGGCAATTGGGGAGAAGTCGTAA-CCCCATTACCCTAAACTAAACAGTAAATAACCAAACGCACAACAAAGCGGGGAGGCAAGTCGTAACATGGTAAGTGTACCGGAAGCACTACCTCAAACTCCAACAAAAAATTACTAATACATCAAACTTCAACACGGGGAGGCAAGTCGTAA-AGAATCCGGGCGATCTGCGCTTCGTAAGCCTTCTCTCCAAACACGCGGGCGG-GCACCGCTACGGCAAAGACACTGTTGTTGGCACCCGCTCCCGGATCAAATGTGGTGTCCAGCGTACCATTGGCGTTAAGTCGTAA-AATGCTCGACAGTGTCAGCACGCCCGTGCTGGAGATCACAGGTGCCACGATTAATGACGGTTACCACAACCTCTCGCAC-TCAAGCTTACGAATTCGTTCCAGTACCAATAGACGTAATAGTCGCAGCCGTTGCGCTGGAGAACTTAATCAGAAACTCCCGCCACGTGTTTGTCGC-GCTCATCCAGGTGCGTGGTTGGCGGTCTTGAGTGGGACCCATGCATGGGTGCCTAGCACCGCTGGGGCAAGCTCG-CCTCAAGTATACTTCAAAGGACATTTAACTAAAACCCCTACGCATTTATATAGAGGAGACAAGTCGTAACATGGTAAGTGTACCGGAAGTCTTACGGGGGAGGAGACAAGTCGTAACATGGTAAGTGTACCGGAAGCACAACAGCGCGGGGAGGCAAGTCGTAG-CCTCATAAGCTACTAAACTACTATAACTAATATCTTCCCCAGCCAAAGATGAGGTAAGTCGTAA-CAACACCGGCCAGGACTGCGCGGACCTTCTCTCGTCCATCCTCCGCATCGACGTGAACAACAGGGACGAAGGCAAGTCGTAA-ACGAAAGTTCTTTGTACCAGAAGACTTCGATCTAACCCGCAAGGGATGTAGAAGTCCAAGGTATGAATAATGATTGGAGCGAAGTCGTAA-CAGTGGTTTTCCTTCTGTGTCAACCCCGACTATCTTTGCCGCAGTGCGTATCCACTTCCATTCGCCGTCGTAGAACCGGGTC-ATGTGGTCGCTCGCGCCGGGAGCGCGGCTCAACATCACGCGGCCGGCCTCGCTGGTG",144092,37556,60003,56684,61996,50866,2037,242836,26237,41048,41424,32985,47933,44970,35000,46085,51658,94845,59039,31905,62994,40743,44224,2
"NA",100,"Chordata",100,"Chondrichthyes",98,"Myliobatiformes",98,"Potamotrygonidae",98,"Potamotrygon",98,"Potamotrygon_magdalenae",98,"Potamotrygon_magdalenae","CCTCAAAACAATCCCTAAAACATCCATAAAAAAACTTAATATCAAGAGGAGGCAAGTCGTAA",0,78,350,1255,1044,102,0,494,14,953,69,982,543,2306,2,158,2353,0,3034,2999,1068,0,0,0
"NA",100,"Chordata",100,"Chondrichthyes",75.5,"Myliobatiformes",73,"Potamotrygonidae",72.5,"Potamotrygon",72.5,NA,72.5,"NA-NA","CCTCAAAACAATCCCTAAGACATCCATAAAAAAACTTAATATCAAGAGGAGGCAAGTCGTAA-CCTCAAAACAATCCCTAAAACATCCATAAAAAAACTTAATATTAAGAGGAGGCAAGTCGTAA",0,0,0,0,0,0,0,0,0,0,0,0,0,0,0,356,0,0,0,149,0,0,0,0
NA,0,NA,0,NA,0,NA,0,NA,0,NA,0,NA,0,"NA-NA-NA-NA-NA-NA-NA-NA-NA-NA-NA-NA-NA-NA-NA-NA-NA-NA-NA-NA-NA","CTCGACGCCGTGCAGGATCCTGAGATCTAAGG-CCCCCTACACCCACCAGGAGACGAAGATGGATTTCGTCT-ACAGCAGGTAGATGACGGCCAGCAGGGCCGACGTGGT-ATTCTACGCGTACCGGTCATCATCACCATCAC-CCAAGTCCCTCTGGGATGAAAACCGACATGCAG-CGAAAACTGGAGCAGCGATGCAGGGATTTGGGAAAAGTCGTAA-CGCTCCTCACCGATCTGTACCAGCTGAC-CTTTCTAACAAGAGATAAGTCGTAA-CCTTCTAAAAGGAGATAAGTCGTAA-TACATCTTGAATTTGAAAGTACAGGCTAAGGT-CGAGGAGATCCGTGACCACGTGAAGCAGACCCTCCCCG-GGGCCTCCCAAGAAGTACGT-TATTTTAAAATAAGATAAGTCGTAA-GGATAATCGACTGTCCGTTAATTTGGAGATAGTTTGGTTTCT-ACAGCAGAAACGTGACGGCCAGCAGGGCCGTGCCCGT-CGTCGAAAGATGAGATAAGTCGTAA-CGCCTAAACTTTCCGCTATAATATGCCT-CCCCATTACCCTAAACTCAACATTAACCACGGGGAGGCAAGTCGTAA-GAAGAACTTGAAAGCCAGGCTCCACAGCACCTGCGAGAGCGC-CCCCTATCAATACAAACATAATAAAGCGGGGAGGCAAGTCGTAA-CCCCCATATATTAAAACTCTAACAAACTAAAGGGGAGGTAAGTCGTAA",537,0,50,36,0,9,0,0,5533,10,95,22,5,0,0,248,119,249,16,0,33,9,2004,0
